filename,Task_Folder,Ground_Truth,Age,Gender,Race,Ethnicity
data/Glaucoma/Test/data_07255.npz,Glaucoma,0,45.19,female,white,non-hispanic
data/Glaucoma/Test/data_07258.npz,Glaucoma,1,96.88,female,white,non-hispanic
data/Glaucoma/Test/data_07271.npz,Glaucoma,1,54.34,male,asian,non-hispanic
data/Glaucoma/Test/data_07282.npz,Glaucoma,1,60.1,male,white,non-hispanic
data/Glaucoma/Test/data_07287.npz,Glaucoma,1,54.85,male,white,non-hispanic
data/Glaucoma/Test/data_07291.npz,Glaucoma,1,96.3,female,white,non-hispanic
data/Glaucoma/Test/data_07301.npz,Glaucoma,0,77.18,male,white,non-hispanic
data/Glaucoma/Test/data_07303.npz,Glaucoma,0,75.32,female,asian,non-hispanic
data/Glaucoma/Test/data_07315.npz,Glaucoma,1,44.93,female,white,non-hispanic
data/Glaucoma/Test/data_07319.npz,Glaucoma,1,59.22,male,asian,non-hispanic
data/Glaucoma/Test/data_07323.npz,Glaucoma,1,80.45,male,white,non-hispanic
data/Glaucoma/Test/data_07329.npz,Glaucoma,0,40.08,female,white,non-hispanic
data/Glaucoma/Test/data_07330.npz,Glaucoma,0,54.95,male,white,non-hispanic
data/Glaucoma/Test/data_07342.npz,Glaucoma,1,78.87,male,white,non-hispanic
data/Glaucoma/Test/data_07347.npz,Glaucoma,0,72.02,female,white,non-hispanic
data/Glaucoma/Test/data_07365.npz,Glaucoma,0,63.15,female,white,non-hispanic
data/Glaucoma/Test/data_07368.npz,Glaucoma,1,76.47,male,white,non-hispanic
data/Glaucoma/Test/data_07380.npz,Glaucoma,1,27.85,female,white,non-hispanic
data/Glaucoma/Test/data_07390.npz,Glaucoma,1,72.99,male,white,non-hispanic
data/Glaucoma/Test/data_07394.npz,Glaucoma,0,63.72,male,white,non-hispanic
data/Glaucoma/Test/data_07404.npz,Glaucoma,1,65.03,female,white,non-hispanic
data/Glaucoma/Test/data_07422.npz,Glaucoma,1,75.62,male,white,non-hispanic
data/Glaucoma/Test/data_07440.npz,Glaucoma,0,70.44,female,asian,non-hispanic
data/Glaucoma/Test/data_07448.npz,Glaucoma,0,67.84,female,white,non-hispanic
data/Glaucoma/Test/data_07455.npz,Glaucoma,1,73.63,female,white,non-hispanic
data/Glaucoma/Test/data_07466.npz,Glaucoma,0,75.19,female,white,non-hispanic
data/Glaucoma/Test/data_07497.npz,Glaucoma,1,41.76,female,white,non-hispanic
data/Glaucoma/Test/data_07503.npz,Glaucoma,1,81.98,male,white,non-hispanic
data/Glaucoma/Test/data_07508.npz,Glaucoma,1,49.67,female,white,non-hispanic
data/Glaucoma/Test/data_07534.npz,Glaucoma,1,66.68,female,white,non-hispanic
data/Glaucoma/Test/data_07535.npz,Glaucoma,0,77.17,female,white,non-hispanic
data/Glaucoma/Test/data_07541.npz,Glaucoma,0,49.81,male,asian,non-hispanic
data/Glaucoma/Test/data_07543.npz,Glaucoma,1,23.57,male,white,hispanic
data/Glaucoma/Test/data_07598.npz,Glaucoma,1,62.43,male,black,non-hispanic
data/Glaucoma/Test/data_07613.npz,Glaucoma,0,24.16,male,white,non-hispanic
data/Glaucoma/Test/data_07614.npz,Glaucoma,0,70.33,male,black,non-hispanic
data/Glaucoma/Test/data_07628.npz,Glaucoma,0,54.81,female,white,non-hispanic
data/Glaucoma/Test/data_07633.npz,Glaucoma,1,56.51,male,white,non-hispanic
data/Glaucoma/Test/data_07648.npz,Glaucoma,1,75.99,female,white,non-hispanic
data/Glaucoma/Test/data_07653.npz,Glaucoma,1,46.4,female,white,non-hispanic
data/Glaucoma/Test/data_07656.npz,Glaucoma,0,70.79,female,white,non-hispanic
data/Glaucoma/Test/data_07679.npz,Glaucoma,0,56.44,male,white,non-hispanic
data/Glaucoma/Test/data_07702.npz,Glaucoma,0,68.07,female,white,non-hispanic
data/Glaucoma/Test/data_07706.npz,Glaucoma,0,43.51,female,white,non-hispanic
data/Glaucoma/Test/data_07707.npz,Glaucoma,0,64.03,male,asian,non-hispanic
data/Glaucoma/Test/data_07746.npz,Glaucoma,0,42.34,male,white,non-hispanic
data/Glaucoma/Test/data_07758.npz,Glaucoma,0,22.08,female,asian,non-hispanic
data/Glaucoma/Test/data_07761.npz,Glaucoma,1,72.4,female,white,non-hispanic
data/Glaucoma/Test/data_07763.npz,Glaucoma,1,88.58,female,black,non-hispanic
data/Glaucoma/Test/data_07769.npz,Glaucoma,1,40.15,male,white,non-hispanic
data/Glaucoma/Test/data_07778.npz,Glaucoma,1,73.01,female,white,non-hispanic
data/Glaucoma/Test/data_07805.npz,Glaucoma,1,46.5,male,black,non-hispanic
data/Glaucoma/Test/data_07847.npz,Glaucoma,0,36.95,female,asian,non-hispanic
data/Glaucoma/Test/data_07852.npz,Glaucoma,1,72.2,female,white,non-hispanic
data/Glaucoma/Test/data_07863.npz,Glaucoma,1,59.88,female,asian,non-hispanic
data/Glaucoma/Test/data_07887.npz,Glaucoma,1,60.59,female,white,non-hispanic
data/Glaucoma/Test/data_07909.npz,Glaucoma,0,43.29,female,white,non-hispanic
data/Glaucoma/Test/data_07914.npz,Glaucoma,1,81.61,female,black,non-hispanic
data/Glaucoma/Test/data_07918.npz,Glaucoma,1,78.79,female,black,non-hispanic
data/Glaucoma/Test/data_07926.npz,Glaucoma,1,67.01,female,white,non-hispanic
data/Glaucoma/Test/data_07927.npz,Glaucoma,1,82.84,female,white,non-hispanic
data/Glaucoma/Test/data_07939.npz,Glaucoma,1,52.94,female,white,hispanic
data/Glaucoma/Test/data_07942.npz,Glaucoma,0,49.28,male,white,non-hispanic
data/Glaucoma/Test/data_07943.npz,Glaucoma,0,44.01,male,black,non-hispanic
data/Glaucoma/Test/data_07970.npz,Glaucoma,0,67.87,female,white,non-hispanic
data/Glaucoma/Test/data_07972.npz,Glaucoma,0,64.1,female,white,non-hispanic
data/Glaucoma/Test/data_07997.npz,Glaucoma,0,78.07,female,white,non-hispanic
data/Glaucoma/Test/data_08008.npz,Glaucoma,0,45.08,female,white,non-hispanic
data/Glaucoma/Test/data_08016.npz,Glaucoma,0,78.16,female,white,non-hispanic
data/Glaucoma/Test/data_08019.npz,Glaucoma,0,52.01,female,black,non-hispanic
data/Glaucoma/Test/data_08030.npz,Glaucoma,0,47.45,male,white,non-hispanic
data/Glaucoma/Test/data_08041.npz,Glaucoma,1,64.17,female,white,non-hispanic
data/Glaucoma/Test/data_08042.npz,Glaucoma,1,68.6,female,white,non-hispanic
data/Glaucoma/Test/data_08048.npz,Glaucoma,0,43.42,female,white,non-hispanic
data/Glaucoma/Test/data_08049.npz,Glaucoma,0,44.76,female,white,non-hispanic
data/Glaucoma/Test/data_08056.npz,Glaucoma,1,34.58,male,black,non-hispanic
data/Glaucoma/Test/data_08066.npz,Glaucoma,1,47.67,male,white,non-hispanic
data/Glaucoma/Test/data_08080.npz,Glaucoma,1,26.85,female,white,non-hispanic
data/Glaucoma/Test/data_08084.npz,Glaucoma,1,51.19,male,white,non-hispanic
data/Glaucoma/Test/data_08085.npz,Glaucoma,0,46.19,male,white,hispanic
data/Glaucoma/Test/data_08096.npz,Glaucoma,1,60,female,black,non-hispanic
data/Glaucoma/Test/data_08116.npz,Glaucoma,0,58.73,female,white,non-hispanic
data/Glaucoma/Test/data_08118.npz,Glaucoma,1,70.64,male,white,non-hispanic
data/Glaucoma/Test/data_08122.npz,Glaucoma,0,29.08,male,white,non-hispanic
data/Glaucoma/Test/data_08146.npz,Glaucoma,1,72.87,female,white,non-hispanic
data/Glaucoma/Test/data_08179.npz,Glaucoma,0,57,male,asian,non-hispanic
data/Glaucoma/Test/data_08184.npz,Glaucoma,1,70.77,male,white,non-hispanic
data/Glaucoma/Test/data_08191.npz,Glaucoma,0,26.58,female,white,hispanic
data/Glaucoma/Test/data_08194.npz,Glaucoma,1,57.11,female,white,non-hispanic
data/Glaucoma/Test/data_08201.npz,Glaucoma,0,53.27,female,white,non-hispanic
data/Glaucoma/Test/data_08202.npz,Glaucoma,1,60.32,female,asian,non-hispanic
data/Glaucoma/Test/data_08208.npz,Glaucoma,0,74.28,female,white,non-hispanic
data/Glaucoma/Test/data_08217.npz,Glaucoma,1,59.73,male,white,non-hispanic
data/Glaucoma/Test/data_08230.npz,Glaucoma,0,80.84,female,white,non-hispanic
data/Glaucoma/Test/data_08232.npz,Glaucoma,1,97.4,female,white,non-hispanic
data/Glaucoma/Test/data_08234.npz,Glaucoma,1,66.33,female,white,non-hispanic
data/Glaucoma/Test/data_08236.npz,Glaucoma,0,43.15,female,white,non-hispanic
data/Glaucoma/Test/data_08249.npz,Glaucoma,1,74.5,female,asian,non-hispanic
data/Glaucoma/Test/data_08252.npz,Glaucoma,1,78.01,female,black,non-hispanic
data/Glaucoma/Test/data_08254.npz,Glaucoma,1,68.07,female,white,non-hispanic
data/Glaucoma/Test/data_08258.npz,Glaucoma,1,30.11,female,white,hispanic
data/Glaucoma/Test/data_08260.npz,Glaucoma,0,66.27,female,white,hispanic
data/Glaucoma/Test/data_08296.npz,Glaucoma,0,75.19,female,white,non-hispanic
data/Glaucoma/Test/data_08328.npz,Glaucoma,0,65,female,white,non-hispanic
data/Glaucoma/Test/data_08333.npz,Glaucoma,0,32.6,female,white,non-hispanic
data/Glaucoma/Test/data_08340.npz,Glaucoma,0,45.82,male,white,non-hispanic
data/Glaucoma/Test/data_08350.npz,Glaucoma,0,29.35,female,white,non-hispanic
data/Glaucoma/Test/data_08360.npz,Glaucoma,1,69.43,female,black,non-hispanic
data/Glaucoma/Test/data_08373.npz,Glaucoma,0,36.35,female,white,non-hispanic
data/Glaucoma/Test/data_08405.npz,Glaucoma,1,75.88,male,white,non-hispanic
data/Glaucoma/Test/data_08418.npz,Glaucoma,0,45.16,female,white,non-hispanic
data/Glaucoma/Test/data_08425.npz,Glaucoma,0,74.71,female,white,non-hispanic
data/Glaucoma/Test/data_08440.npz,Glaucoma,0,61.67,male,white,non-hispanic
data/Glaucoma/Test/data_08464.npz,Glaucoma,0,44.77,male,white,non-hispanic
data/Glaucoma/Test/data_08474.npz,Glaucoma,1,63.86,female,black,non-hispanic
data/Glaucoma/Test/data_08481.npz,Glaucoma,0,74.18,male,asian,non-hispanic
data/Glaucoma/Test/data_08483.npz,Glaucoma,1,25.33,female,white,non-hispanic
data/Glaucoma/Test/data_08493.npz,Glaucoma,1,12.84,female,white,non-hispanic
data/Glaucoma/Test/data_08509.npz,Glaucoma,1,66.13,male,white,non-hispanic
data/Glaucoma/Test/data_08516.npz,Glaucoma,1,45.86,female,white,non-hispanic
data/Glaucoma/Test/data_08534.npz,Glaucoma,1,53.56,female,black,non-hispanic
data/Glaucoma/Test/data_08545.npz,Glaucoma,0,33.78,female,asian,non-hispanic
data/Glaucoma/Test/data_08559.npz,Glaucoma,1,63.31,female,black,non-hispanic
data/Glaucoma/Test/data_08563.npz,Glaucoma,0,63.87,female,white,non-hispanic
data/Glaucoma/Test/data_08575.npz,Glaucoma,1,70.09,male,asian,non-hispanic
data/Glaucoma/Test/data_08600.npz,Glaucoma,0,60.46,female,white,non-hispanic
data/Glaucoma/Test/data_08622.npz,Glaucoma,0,24.96,female,white,hispanic
data/Glaucoma/Test/data_08642.npz,Glaucoma,1,81.29,female,white,non-hispanic
data/Glaucoma/Test/data_08663.npz,Glaucoma,0,70.13,female,white,non-hispanic
data/Glaucoma/Test/data_08670.npz,Glaucoma,0,26.95,female,asian,non-hispanic
data/Glaucoma/Test/data_08673.npz,Glaucoma,0,67.39,female,white,non-hispanic
data/Glaucoma/Test/data_08677.npz,Glaucoma,1,59.76,female,black,non-hispanic
data/Glaucoma/Test/data_08718.npz,Glaucoma,0,75.09,female,white,non-hispanic
data/Glaucoma/Test/data_08723.npz,Glaucoma,0,62.95,male,white,non-hispanic
data/Glaucoma/Test/data_08726.npz,Glaucoma,0,57.8,male,white,non-hispanic
data/Glaucoma/Test/data_08740.npz,Glaucoma,1,45.4,male,black,non-hispanic
data/Glaucoma/Test/data_08747.npz,Glaucoma,1,70.65,female,white,non-hispanic
data/Glaucoma/Test/data_08778.npz,Glaucoma,1,65.06,female,white,non-hispanic
data/Glaucoma/Test/data_08780.npz,Glaucoma,0,55.97,male,asian,non-hispanic
data/Glaucoma/Test/data_08789.npz,Glaucoma,1,66.52,female,black,non-hispanic
data/Glaucoma/Test/data_08797.npz,Glaucoma,0,54.05,male,white,non-hispanic
data/Glaucoma/Test/data_08802.npz,Glaucoma,0,67.37,male,black,non-hispanic
data/Glaucoma/Test/data_08811.npz,Glaucoma,0,57.7,female,white,non-hispanic
data/Glaucoma/Test/data_08817.npz,Glaucoma,1,37.97,male,black,non-hispanic
data/Glaucoma/Test/data_08832.npz,Glaucoma,0,56.36,male,white,non-hispanic
data/Glaucoma/Test/data_08844.npz,Glaucoma,0,50.19,female,asian,non-hispanic
data/Glaucoma/Test/data_08848.npz,Glaucoma,1,72.84,male,asian,non-hispanic
data/Glaucoma/Test/data_08852.npz,Glaucoma,0,61.38,male,white,non-hispanic
data/Glaucoma/Test/data_08860.npz,Glaucoma,0,68.27,male,white,non-hispanic
data/Glaucoma/Test/data_08871.npz,Glaucoma,1,88.83,female,white,non-hispanic
data/Glaucoma/Test/data_08878.npz,Glaucoma,1,73.05,male,white,non-hispanic
data/Glaucoma/Test/data_08881.npz,Glaucoma,1,73.98,male,asian,non-hispanic
data/Glaucoma/Test/data_08883.npz,Glaucoma,0,72.25,male,white,non-hispanic
data/Glaucoma/Test/data_08890.npz,Glaucoma,0,37.31,female,white,non-hispanic
data/Glaucoma/Test/data_08893.npz,Glaucoma,1,44.7,male,white,non-hispanic
data/Glaucoma/Test/data_08922.npz,Glaucoma,0,69.61,female,white,non-hispanic
data/Glaucoma/Test/data_08934.npz,Glaucoma,1,84.07,female,white,non-hispanic
data/Glaucoma/Test/data_08944.npz,Glaucoma,0,63.72,female,white,non-hispanic
data/Glaucoma/Test/data_08950.npz,Glaucoma,0,72.04,male,white,non-hispanic
data/Glaucoma/Test/data_08960.npz,Glaucoma,0,64.94,male,white,non-hispanic
data/Glaucoma/Test/data_08963.npz,Glaucoma,0,61.04,male,asian,non-hispanic
data/Glaucoma/Test/data_08975.npz,Glaucoma,0,49.82,male,white,non-hispanic
data/Glaucoma/Test/data_08979.npz,Glaucoma,0,56.52,female,asian,non-hispanic
data/Glaucoma/Test/data_08982.npz,Glaucoma,0,59.47,male,black,non-hispanic
data/Glaucoma/Test/data_08989.npz,Glaucoma,0,61.81,female,white,non-hispanic
data/Glaucoma/Test/data_08992.npz,Glaucoma,0,51.14,male,white,non-hispanic
data/Glaucoma/Test/data_09001.npz,Glaucoma,0,83.11,male,white,non-hispanic
data/Glaucoma/Test/data_09030.npz,Glaucoma,1,57.05,male,black,non-hispanic
data/Glaucoma/Test/data_09036.npz,Glaucoma,1,32.88,female,black,non-hispanic
data/Glaucoma/Test/data_09092.npz,Glaucoma,1,52.6,male,white,non-hispanic
data/Glaucoma/Test/data_09096.npz,Glaucoma,0,63.68,male,white,non-hispanic
data/Glaucoma/Test/data_09097.npz,Glaucoma,1,70.52,female,asian,non-hispanic
data/Glaucoma/Test/data_09101.npz,Glaucoma,0,75.66,male,white,non-hispanic
data/Glaucoma/Test/data_09118.npz,Glaucoma,0,32.98,female,black,non-hispanic
data/Glaucoma/Test/data_09134.npz,Glaucoma,0,63.23,female,white,non-hispanic
data/Glaucoma/Test/data_09152.npz,Glaucoma,0,42.32,male,white,non-hispanic
data/Glaucoma/Test/data_09161.npz,Glaucoma,1,79.63,female,black,non-hispanic
data/Glaucoma/Test/data_09163.npz,Glaucoma,0,72.56,male,white,non-hispanic
data/Glaucoma/Test/data_09171.npz,Glaucoma,1,55.73,male,white,non-hispanic
data/Glaucoma/Test/data_09184.npz,Glaucoma,1,80.88,female,white,non-hispanic
data/Glaucoma/Test/data_09188.npz,Glaucoma,1,70.73,female,black,non-hispanic
data/Glaucoma/Test/data_09196.npz,Glaucoma,1,79.54,female,asian,non-hispanic
data/Glaucoma/Test/data_09202.npz,Glaucoma,1,43.72,female,white,non-hispanic
data/Glaucoma/Test/data_09219.npz,Glaucoma,1,21.9,female,white,non-hispanic
data/Glaucoma/Test/data_09223.npz,Glaucoma,1,82.83,male,white,non-hispanic
data/Glaucoma/Test/data_09233.npz,Glaucoma,1,62.83,male,white,non-hispanic
data/Glaucoma/Test/data_09241.npz,Glaucoma,0,62.89,female,white,non-hispanic
data/Glaucoma/Test/data_09256.npz,Glaucoma,0,49.48,female,white,non-hispanic
data/Glaucoma/Test/data_09263.npz,Glaucoma,0,49.81,female,white,non-hispanic
data/Glaucoma/Test/data_09277.npz,Glaucoma,0,65.33,male,black,non-hispanic
data/Glaucoma/Test/data_09280.npz,Glaucoma,0,66.72,male,white,non-hispanic
data/Glaucoma/Test/data_09303.npz,Glaucoma,1,29.82,female,white,non-hispanic
data/Glaucoma/Test/data_09310.npz,Glaucoma,1,71.62,male,white,non-hispanic
data/Glaucoma/Test/data_09328.npz,Glaucoma,0,49.32,male,black,non-hispanic
data/Glaucoma/Test/data_09348.npz,Glaucoma,0,63.81,male,white,non-hispanic
data/Glaucoma/Test/data_09359.npz,Glaucoma,1,77.22,female,white,non-hispanic
data/Glaucoma/Test/data_09366.npz,Glaucoma,1,57.57,female,white,non-hispanic
data/Glaucoma/Test/data_09376.npz,Glaucoma,1,78.17,male,white,non-hispanic
data/Glaucoma/Test/data_09383.npz,Glaucoma,1,67.72,female,white,non-hispanic
data/Glaucoma/Test/data_09388.npz,Glaucoma,1,35.92,male,black,non-hispanic
data/Glaucoma/Test/data_09418.npz,Glaucoma,0,60.81,female,white,non-hispanic
data/Glaucoma/Test/data_09430.npz,Glaucoma,0,51.61,male,black,non-hispanic
data/Glaucoma/Test/data_09433.npz,Glaucoma,0,79.61,male,white,non-hispanic
data/Glaucoma/Test/data_09471.npz,Glaucoma,1,40.76,male,white,non-hispanic
data/Glaucoma/Test/data_09474.npz,Glaucoma,1,87.9,female,white,non-hispanic
data/Glaucoma/Test/data_09488.npz,Glaucoma,0,50,female,black,non-hispanic
data/Glaucoma/Test/data_09506.npz,Glaucoma,1,87.21,female,white,non-hispanic
data/Glaucoma/Test/data_09520.npz,Glaucoma,1,68.64,female,black,non-hispanic
data/Glaucoma/Test/data_09526.npz,Glaucoma,0,71.73,male,white,non-hispanic
data/Glaucoma/Test/data_09528.npz,Glaucoma,1,61.52,female,white,non-hispanic
data/Glaucoma/Test/data_09545.npz,Glaucoma,1,65.87,female,white,non-hispanic
data/Glaucoma/Test/data_09551.npz,Glaucoma,1,63.95,female,white,non-hispanic
data/Glaucoma/Test/data_09557.npz,Glaucoma,1,59.25,female,white,non-hispanic
data/Glaucoma/Test/data_09559.npz,Glaucoma,1,35.43,male,black,non-hispanic
data/Glaucoma/Test/data_09564.npz,Glaucoma,0,82.31,female,white,non-hispanic
data/Glaucoma/Test/data_09566.npz,Glaucoma,0,25.77,female,white,non-hispanic
data/Glaucoma/Test/data_09569.npz,Glaucoma,0,75.42,female,white,non-hispanic
data/Glaucoma/Test/data_09570.npz,Glaucoma,1,58.52,male,black,non-hispanic
data/Glaucoma/Test/data_09583.npz,Glaucoma,1,52.23,female,white,hispanic
data/Glaucoma/Test/data_09605.npz,Glaucoma,1,73.88,female,white,non-hispanic
data/Glaucoma/Test/data_09610.npz,Glaucoma,0,66.42,female,black,non-hispanic
data/Glaucoma/Test/data_09628.npz,Glaucoma,0,83,male,white,non-hispanic
data/Glaucoma/Test/data_09654.npz,Glaucoma,1,70.84,female,black,non-hispanic
data/Glaucoma/Test/data_09674.npz,Glaucoma,0,66.85,male,white,non-hispanic
data/Glaucoma/Test/data_09691.npz,Glaucoma,0,43.57,female,white,non-hispanic
data/Glaucoma/Test/data_09716.npz,Glaucoma,0,49.13,female,white,non-hispanic
data/Glaucoma/Test/data_09734.npz,Glaucoma,0,65.47,male,white,non-hispanic
data/Glaucoma/Test/data_09743.npz,Glaucoma,0,37.9,female,asian,non-hispanic
data/Glaucoma/Test/data_09750.npz,Glaucoma,1,70.83,female,black,non-hispanic
data/Glaucoma/Test/data_09756.npz,Glaucoma,0,70.04,female,white,non-hispanic
data/Glaucoma/Test/data_09757.npz,Glaucoma,0,26.96,male,white,non-hispanic
data/Glaucoma/Test/data_09766.npz,Glaucoma,0,59.43,female,white,hispanic
data/Glaucoma/Test/data_09768.npz,Glaucoma,1,53.03,female,black,non-hispanic
data/Glaucoma/Test/data_09771.npz,Glaucoma,0,51.39,female,white,non-hispanic
data/Glaucoma/Test/data_09781.npz,Glaucoma,0,74.99,female,white,non-hispanic
data/Glaucoma/Test/data_09797.npz,Glaucoma,0,45.13,female,black,non-hispanic
data/Glaucoma/Test/data_09803.npz,Glaucoma,0,69.81,female,asian,non-hispanic
data/Glaucoma/Test/data_09819.npz,Glaucoma,1,50.94,female,black,non-hispanic
data/Glaucoma/Test/data_09826.npz,Glaucoma,1,82.74,male,white,non-hispanic
data/Glaucoma/Test/data_09857.npz,Glaucoma,1,68.38,female,white,non-hispanic
data/Glaucoma/Test/data_09870.npz,Glaucoma,1,65.17,female,white,non-hispanic
data/Glaucoma/Test/data_09902.npz,Glaucoma,1,72.4,male,white,non-hispanic
data/Glaucoma/Test/data_09915.npz,Glaucoma,1,70.67,male,white,non-hispanic
data/Glaucoma/Test/data_09918.npz,Glaucoma,1,36.88,female,black,non-hispanic
data/Glaucoma/Test/data_09922.npz,Glaucoma,0,73.1,male,white,non-hispanic
data/Glaucoma/Test/data_09952.npz,Glaucoma,1,79.4,male,white,non-hispanic
data/Glaucoma/Test/data_09965.npz,Glaucoma,1,75.29,female,white,non-hispanic
data/Glaucoma/Test/data_09971.npz,Glaucoma,0,48.41,female,asian,non-hispanic
data/Glaucoma/Test/data_09987.npz,Glaucoma,1,56.45,male,black,non-hispanic
data/Glaucoma/Test/data_09990.npz,Glaucoma,1,57.03,female,white,non-hispanic
data/AMD/Test/data_07008.npz,AMD,0,73.89,female,black,non-hispanic
data/AMD/Test/data_07013.npz,AMD,1,76.63,male,white,non-hispanic
data/AMD/Test/data_07015.npz,AMD,0,70.07,female,white,non-hispanic
data/AMD/Test/data_07022.npz,AMD,1,72.69,male,white,non-hispanic
data/AMD/Test/data_07027.npz,AMD,1,80.64,female,white,non-hispanic
data/AMD/Test/data_07032.npz,AMD,0,82.08,male,black,non-hispanic
data/AMD/Test/data_07045.npz,AMD,1,70.12,female,white,non-hispanic
data/AMD/Test/data_07061.npz,AMD,0,61.75,male,white,non-hispanic
data/AMD/Test/data_07092.npz,AMD,1,71.78,female,white,non-hispanic
data/AMD/Test/data_07107.npz,AMD,1,81.41,female,white,non-hispanic
data/AMD/Test/data_07222.npz,AMD,1,83.96,male,white,non-hispanic
data/AMD/Test/data_07239.npz,AMD,1,100.89,female,white,non-hispanic
data/AMD/Test/data_07246.npz,AMD,0,75.14,female,black,non-hispanic
data/AMD/Test/data_07253.npz,AMD,1,89.82,female,white,non-hispanic
data/AMD/Test/data_07256.npz,AMD,0,52.48,female,asian,non-hispanic
data/AMD/Test/data_07278.npz,AMD,0,62.71,female,white,non-hispanic
data/AMD/Test/data_07279.npz,AMD,1,93.38,female,white,non-hispanic
data/AMD/Test/data_07283.npz,AMD,1,79.8,female,white,non-hispanic
data/AMD/Test/data_07294.npz,AMD,1,86.43,female,white,non-hispanic
data/AMD/Test/data_07303.npz,AMD,0,25.74,female,white,non-hispanic
data/AMD/Test/data_07304.npz,AMD,1,66.96,female,asian,non-hispanic
data/AMD/Test/data_07333.npz,AMD,0,66.87,female,white,non-hispanic
data/AMD/Test/data_07364.npz,AMD,1,69.26,female,white,non-hispanic
data/AMD/Test/data_07366.npz,AMD,1,71.82,female,white,non-hispanic
data/AMD/Test/data_07370.npz,AMD,0,67.35,female,white,non-hispanic
data/AMD/Test/data_07371.npz,AMD,1,89.15,male,white,non-hispanic
data/AMD/Test/data_07391.npz,AMD,1,70.13,female,white,non-hispanic
data/AMD/Test/data_07402.npz,AMD,0,61.83,female,white,non-hispanic
data/AMD/Test/data_07407.npz,AMD,1,83.23,female,white,non-hispanic
data/AMD/Test/data_07411.npz,AMD,0,51.22,male,black,non-hispanic
data/AMD/Test/data_07432.npz,AMD,1,76.79,female,white,non-hispanic
data/AMD/Test/data_07454.npz,AMD,1,81.21,female,white,non-hispanic
data/AMD/Test/data_07468.npz,AMD,0,31.78,male,black,non-hispanic
data/AMD/Test/data_07475.npz,AMD,0,43.45,male,white,non-hispanic
data/AMD/Test/data_07477.npz,AMD,0,74.49,male,white,non-hispanic
data/AMD/Test/data_07483.npz,AMD,1,74.78,male,white,non-hispanic
data/AMD/Test/data_07500.npz,AMD,1,91.53,female,white,non-hispanic
data/AMD/Test/data_07509.npz,AMD,0,72.32,male,white,non-hispanic
data/AMD/Test/data_07510.npz,AMD,0,71.09,male,white,non-hispanic
data/AMD/Test/data_07515.npz,AMD,0,44.91,male,white,non-hispanic
data/AMD/Test/data_07520.npz,AMD,1,94.98,female,white,non-hispanic
data/AMD/Test/data_07530.npz,AMD,1,77.39,male,white,non-hispanic
data/AMD/Test/data_07533.npz,AMD,0,47.59,male,white,non-hispanic
data/AMD/Test/data_07540.npz,AMD,0,80.09,male,white,non-hispanic
data/AMD/Test/data_07553.npz,AMD,1,90.21,female,white,non-hispanic
data/AMD/Test/data_07559.npz,AMD,1,68.4,male,asian,non-hispanic
data/AMD/Test/data_07575.npz,AMD,1,51.03,male,white,non-hispanic
data/AMD/Test/data_07586.npz,AMD,0,69.33,male,white,non-hispanic
data/AMD/Test/data_07607.npz,AMD,0,72.11,male,white,non-hispanic
data/AMD/Test/data_07614.npz,AMD,1,75.38,male,white,non-hispanic
data/AMD/Test/data_07627.npz,AMD,1,87.98,female,white,non-hispanic
data/AMD/Test/data_07633.npz,AMD,0,64.99,female,white,non-hispanic
data/AMD/Test/data_07641.npz,AMD,1,78.79,female,white,non-hispanic
data/AMD/Test/data_07659.npz,AMD,1,71.55,male,white,non-hispanic
data/AMD/Test/data_07668.npz,AMD,1,82.45,male,white,non-hispanic
data/AMD/Test/data_07672.npz,AMD,0,66.16,male,asian,non-hispanic
data/AMD/Test/data_07675.npz,AMD,1,91.35,male,white,non-hispanic
data/AMD/Test/data_07676.npz,AMD,0,74.75,female,white,non-hispanic
data/AMD/Test/data_07685.npz,AMD,0,59.38,female,white,non-hispanic
data/AMD/Test/data_07700.npz,AMD,0,74.55,male,white,non-hispanic
data/AMD/Test/data_07756.npz,AMD,1,78.2,female,white,non-hispanic
data/AMD/Test/data_07769.npz,AMD,1,85.77,male,white,non-hispanic
data/AMD/Test/data_07779.npz,AMD,1,80.81,female,white,non-hispanic
data/AMD/Test/data_07789.npz,AMD,1,73.92,female,white,non-hispanic
data/AMD/Test/data_07794.npz,AMD,0,50.02,male,white,non-hispanic
data/AMD/Test/data_07804.npz,AMD,0,85.86,female,white,non-hispanic
data/AMD/Test/data_07822.npz,AMD,1,81.95,female,white,non-hispanic
data/AMD/Test/data_07832.npz,AMD,0,77.03,female,white,non-hispanic
data/AMD/Test/data_07833.npz,AMD,0,61.92,female,white,non-hispanic
data/AMD/Test/data_07841.npz,AMD,1,78.93,male,white,non-hispanic
data/AMD/Test/data_07865.npz,AMD,0,66.71,female,white,non-hispanic
data/AMD/Test/data_07870.npz,AMD,1,79.56,male,white,non-hispanic
data/AMD/Test/data_07879.npz,AMD,1,78.04,female,white,non-hispanic
data/AMD/Test/data_07901.npz,AMD,0,47.72,female,black,non-hispanic
data/AMD/Test/data_07961.npz,AMD,0,64.15,male,black,non-hispanic
data/AMD/Test/data_07962.npz,AMD,0,60.44,female,black,non-hispanic
data/AMD/Test/data_07970.npz,AMD,1,58.53,male,white,non-hispanic
data/AMD/Test/data_07973.npz,AMD,1,84.27,male,white,non-hispanic
data/AMD/Test/data_07988.npz,AMD,0,47.73,male,white,non-hispanic
data/AMD/Test/data_07989.npz,AMD,0,55.55,male,white,non-hispanic
data/AMD/Test/data_07993.npz,AMD,1,70.03,male,white,non-hispanic
data/AMD/Test/data_08003.npz,AMD,0,24.23,female,white,non-hispanic
data/AMD/Test/data_08022.npz,AMD,1,78.8,female,white,non-hispanic
data/AMD/Test/data_08037.npz,AMD,0,33.69,male,white,hispanic
data/AMD/Test/data_08040.npz,AMD,0,57.01,male,black,non-hispanic
data/AMD/Test/data_08041.npz,AMD,0,46.51,male,white,non-hispanic
data/AMD/Test/data_08056.npz,AMD,1,72.68,female,white,non-hispanic
data/AMD/Test/data_08057.npz,AMD,1,95.27,female,white,non-hispanic
data/AMD/Test/data_08064.npz,AMD,0,57.95,male,white,non-hispanic
data/AMD/Test/data_08066.npz,AMD,0,59.54,female,asian,non-hispanic
data/AMD/Test/data_08067.npz,AMD,1,71.78,female,white,non-hispanic
data/AMD/Test/data_08070.npz,AMD,1,81.24,female,white,non-hispanic
data/AMD/Test/data_08098.npz,AMD,0,83.39,male,white,non-hispanic
data/AMD/Test/data_08104.npz,AMD,1,88.31,female,white,non-hispanic
data/AMD/Test/data_08106.npz,AMD,0,71.82,female,white,non-hispanic
data/AMD/Test/data_08110.npz,AMD,0,71.46,female,white,non-hispanic
data/AMD/Test/data_08131.npz,AMD,1,88.4,male,white,non-hispanic
data/AMD/Test/data_08138.npz,AMD,1,71.07,female,white,non-hispanic
data/AMD/Test/data_08140.npz,AMD,1,71.85,female,white,non-hispanic
data/AMD/Test/data_08156.npz,AMD,1,99.36,female,white,non-hispanic
data/AMD/Test/data_08173.npz,AMD,1,75.19,female,white,non-hispanic
data/AMD/Test/data_08177.npz,AMD,0,64.83,female,white,non-hispanic
data/AMD/Test/data_08182.npz,AMD,0,65.24,male,white,non-hispanic
data/AMD/Test/data_08185.npz,AMD,1,77.16,female,asian,non-hispanic
data/AMD/Test/data_08188.npz,AMD,0,69.12,female,white,hispanic
data/AMD/Test/data_08195.npz,AMD,0,57.78,male,white,non-hispanic
data/AMD/Test/data_08215.npz,AMD,1,71.25,male,white,non-hispanic
data/AMD/Test/data_08221.npz,AMD,0,73.11,female,white,non-hispanic
data/AMD/Test/data_08237.npz,AMD,1,95.65,female,white,non-hispanic
data/AMD/Test/data_08257.npz,AMD,1,86.1,male,white,non-hispanic
data/AMD/Test/data_08261.npz,AMD,1,81.15,male,white,non-hispanic
data/AMD/Test/data_08278.npz,AMD,1,70.61,female,white,non-hispanic
data/AMD/Test/data_08308.npz,AMD,0,65.21,female,white,non-hispanic
data/AMD/Test/data_08322.npz,AMD,1,76.82,female,white,non-hispanic
data/AMD/Test/data_08326.npz,AMD,1,89.87,female,white,non-hispanic
data/AMD/Test/data_08335.npz,AMD,0,72.37,female,white,hispanic
data/AMD/Test/data_08341.npz,AMD,0,38.57,female,white,non-hispanic
data/AMD/Test/data_08345.npz,AMD,0,74.19,male,white,non-hispanic
data/AMD/Test/data_08349.npz,AMD,0,10.42,female,asian,non-hispanic
data/AMD/Test/data_08352.npz,AMD,1,71.19,male,white,non-hispanic
data/AMD/Test/data_08367.npz,AMD,0,47.46,male,white,non-hispanic
data/AMD/Test/data_08368.npz,AMD,0,85.44,male,white,non-hispanic
data/AMD/Test/data_08373.npz,AMD,0,71.22,male,white,non-hispanic
data/AMD/Test/data_08388.npz,AMD,0,63.39,male,white,non-hispanic
data/AMD/Test/data_08400.npz,AMD,1,80.45,female,white,non-hispanic
data/AMD/Test/data_08404.npz,AMD,1,92.07,male,white,non-hispanic
data/AMD/Test/data_08405.npz,AMD,0,78.35,female,white,non-hispanic
data/AMD/Test/data_08445.npz,AMD,1,60.53,female,white,non-hispanic
data/AMD/Test/data_08462.npz,AMD,0,47.37,female,black,non-hispanic
data/AMD/Test/data_08463.npz,AMD,0,45.04,female,white,non-hispanic
data/AMD/Test/data_08486.npz,AMD,1,81.72,male,white,non-hispanic
data/AMD/Test/data_08494.npz,AMD,0,60.62,male,white,non-hispanic
data/AMD/Test/data_08499.npz,AMD,1,86.3,female,asian,non-hispanic
data/AMD/Test/data_08505.npz,AMD,1,89.93,female,white,non-hispanic
data/AMD/Test/data_08518.npz,AMD,1,77.48,male,white,non-hispanic
data/AMD/Test/data_08520.npz,AMD,1,87.23,male,white,non-hispanic
data/AMD/Test/data_08531.npz,AMD,1,88.4,female,white,non-hispanic
data/AMD/Test/data_08532.npz,AMD,0,69.22,female,white,non-hispanic
data/AMD/Test/data_08533.npz,AMD,0,62.58,male,white,non-hispanic
data/AMD/Test/data_08538.npz,AMD,1,72.13,female,white,non-hispanic
data/AMD/Test/data_08554.npz,AMD,0,61.73,male,white,non-hispanic
data/AMD/Test/data_08562.npz,AMD,0,52.59,female,asian,non-hispanic
data/AMD/Test/data_08571.npz,AMD,1,77.76,female,white,non-hispanic
data/AMD/Test/data_08586.npz,AMD,0,28.15,female,white,non-hispanic
data/AMD/Test/data_08601.npz,AMD,0,78.43,female,asian,non-hispanic
data/AMD/Test/data_08603.npz,AMD,1,86.05,female,white,non-hispanic
data/AMD/Test/data_08617.npz,AMD,1,82.27,male,white,non-hispanic
data/AMD/Test/data_08654.npz,AMD,0,64.57,male,white,non-hispanic
data/AMD/Test/data_08670.npz,AMD,0,32.94,female,black,non-hispanic
data/AMD/Test/data_08678.npz,AMD,0,53.35,male,white,non-hispanic
data/AMD/Test/data_08701.npz,AMD,1,79.05,male,white,non-hispanic
data/AMD/Test/data_08760.npz,AMD,1,84.32,male,white,non-hispanic
data/AMD/Test/data_08774.npz,AMD,1,68.75,male,white,non-hispanic
data/AMD/Test/data_08777.npz,AMD,1,73.28,female,white,non-hispanic
data/AMD/Test/data_08791.npz,AMD,1,87.66,male,white,non-hispanic
data/AMD/Test/data_08793.npz,AMD,0,73.47,female,white,non-hispanic
data/AMD/Test/data_08805.npz,AMD,1,65.65,female,white,non-hispanic
data/AMD/Test/data_08818.npz,AMD,0,79.94,female,white,non-hispanic
data/AMD/Test/data_08825.npz,AMD,1,89.81,female,white,non-hispanic
data/AMD/Test/data_08826.npz,AMD,1,69.76,female,white,non-hispanic
data/AMD/Test/data_08846.npz,AMD,1,68.77,male,white,non-hispanic
data/AMD/Test/data_08849.npz,AMD,1,88.41,male,white,non-hispanic
data/AMD/Test/data_08856.npz,AMD,0,52.54,male,black,non-hispanic
data/AMD/Test/data_08868.npz,AMD,1,91.35,female,white,non-hispanic
data/AMD/Test/data_08870.npz,AMD,1,96.29,female,white,non-hispanic
data/AMD/Test/data_08905.npz,AMD,0,67.82,female,asian,non-hispanic
data/AMD/Test/data_08933.npz,AMD,1,67,female,white,non-hispanic
data/AMD/Test/data_08943.npz,AMD,0,66.52,male,white,non-hispanic
data/AMD/Test/data_08948.npz,AMD,0,25.55,female,white,hispanic
data/AMD/Test/data_08961.npz,AMD,0,80,male,white,hispanic
data/AMD/Test/data_08997.npz,AMD,1,83.33,female,white,non-hispanic
data/AMD/Test/data_08998.npz,AMD,0,31.6,female,asian,non-hispanic
data/AMD/Test/data_09005.npz,AMD,0,67.58,female,black,non-hispanic
data/AMD/Test/data_09006.npz,AMD,0,73.39,female,white,non-hispanic
data/AMD/Test/data_09026.npz,AMD,1,71.2,female,white,non-hispanic
data/AMD/Test/data_09028.npz,AMD,1,95.04,male,white,non-hispanic
data/AMD/Test/data_09047.npz,AMD,1,64.7,female,white,non-hispanic
data/AMD/Test/data_09081.npz,AMD,0,64.28,male,white,non-hispanic
data/AMD/Test/data_09086.npz,AMD,0,78.44,female,black,non-hispanic
data/AMD/Test/data_09124.npz,AMD,1,78.08,male,white,non-hispanic
data/AMD/Test/data_09126.npz,AMD,0,71.54,female,white,non-hispanic
data/AMD/Test/data_09134.npz,AMD,0,72.08,female,white,non-hispanic
data/AMD/Test/data_09137.npz,AMD,0,26.06,female,asian,non-hispanic
data/AMD/Test/data_09139.npz,AMD,0,35.34,male,black,non-hispanic
data/AMD/Test/data_09148.npz,AMD,0,73.26,female,black,non-hispanic
data/AMD/Test/data_09151.npz,AMD,0,68.35,female,white,non-hispanic
data/AMD/Test/data_09164.npz,AMD,0,54.06,male,black,non-hispanic
data/AMD/Test/data_09172.npz,AMD,1,61.56,female,white,hispanic
data/AMD/Test/data_09177.npz,AMD,0,60.2,male,white,non-hispanic
data/AMD/Test/data_09182.npz,AMD,1,67.29,female,white,non-hispanic
data/AMD/Test/data_09183.npz,AMD,0,79.75,male,black,non-hispanic
data/AMD/Test/data_09184.npz,AMD,0,59.02,female,white,non-hispanic
data/AMD/Test/data_09227.npz,AMD,0,46.27,male,black,non-hispanic
data/AMD/Test/data_09248.npz,AMD,0,84.62,male,white,non-hispanic
data/AMD/Test/data_09267.npz,AMD,1,78.93,female,black,non-hispanic
data/AMD/Test/data_09270.npz,AMD,1,75.36,female,white,non-hispanic
data/AMD/Test/data_09277.npz,AMD,0,85.02,male,white,non-hispanic
data/AMD/Test/data_09279.npz,AMD,0,58.61,male,black,non-hispanic
data/AMD/Test/data_09291.npz,AMD,1,71.19,male,white,non-hispanic
data/AMD/Test/data_09299.npz,AMD,1,91.53,female,white,non-hispanic
data/AMD/Test/data_09320.npz,AMD,0,46.41,male,white,non-hispanic
data/AMD/Test/data_09323.npz,AMD,1,76.34,male,white,non-hispanic
data/AMD/Test/data_09353.npz,AMD,0,82.79,male,white,non-hispanic
data/AMD/Test/data_09354.npz,AMD,0,51.15,male,white,non-hispanic
data/AMD/Test/data_09391.npz,AMD,1,88.27,female,white,non-hispanic
data/AMD/Test/data_09403.npz,AMD,0,20.37,male,white,non-hispanic
data/AMD/Test/data_09404.npz,AMD,1,75.87,female,white,non-hispanic
data/AMD/Test/data_09411.npz,AMD,1,81.79,female,asian,non-hispanic
data/AMD/Test/data_09414.npz,AMD,0,60.07,female,black,non-hispanic
data/AMD/Test/data_09417.npz,AMD,1,82.37,female,white,non-hispanic
data/AMD/Test/data_09420.npz,AMD,1,89.43,female,white,non-hispanic
data/AMD/Test/data_09428.npz,AMD,0,77.15,female,white,non-hispanic
data/AMD/Test/data_09445.npz,AMD,0,73.19,female,white,hispanic
data/AMD/Test/data_09466.npz,AMD,1,80.46,male,white,non-hispanic
data/AMD/Test/data_09472.npz,AMD,1,67.38,male,white,non-hispanic
data/AMD/Test/data_09509.npz,AMD,1,84.08,female,white,non-hispanic
data/AMD/Test/data_09523.npz,AMD,1,80.73,male,white,non-hispanic
data/AMD/Test/data_09543.npz,AMD,0,81.55,male,asian,non-hispanic
data/AMD/Test/data_09546.npz,AMD,0,53.51,female,white,non-hispanic
data/AMD/Test/data_09568.npz,AMD,1,67.74,male,white,non-hispanic
data/AMD/Test/data_09575.npz,AMD,0,64.53,female,white,non-hispanic
data/AMD/Test/data_09593.npz,AMD,0,73.57,female,black,non-hispanic
data/AMD/Test/data_09629.npz,AMD,0,62.89,female,black,non-hispanic
data/AMD/Test/data_09636.npz,AMD,1,81.28,female,white,non-hispanic
data/AMD/Test/data_09640.npz,AMD,0,79.99,male,white,non-hispanic
data/AMD/Test/data_09643.npz,AMD,0,66.63,female,white,non-hispanic
data/AMD/Test/data_09687.npz,AMD,0,95.4,female,white,non-hispanic
data/AMD/Test/data_09703.npz,AMD,1,83.16,female,white,non-hispanic
data/AMD/Test/data_09712.npz,AMD,0,56.87,male,white,hispanic
data/AMD/Test/data_09722.npz,AMD,0,72.08,female,white,non-hispanic
data/AMD/Test/data_09757.npz,AMD,1,82.46,female,white,non-hispanic
data/AMD/Test/data_09769.npz,AMD,0,60.13,male,black,non-hispanic
data/AMD/Test/data_09787.npz,AMD,0,77.71,male,asian,non-hispanic
data/AMD/Test/data_09797.npz,AMD,0,77.1,female,white,non-hispanic
data/AMD/Test/data_09810.npz,AMD,1,98.45,female,white,non-hispanic
data/AMD/Test/data_09814.npz,AMD,1,88.87,male,white,non-hispanic
data/AMD/Test/data_09815.npz,AMD,1,75.82,female,white,non-hispanic
data/AMD/Test/data_09825.npz,AMD,0,39.41,male,white,non-hispanic
data/AMD/Test/data_09833.npz,AMD,0,81.72,male,white,non-hispanic
data/AMD/Test/data_09834.npz,AMD,1,83.17,male,white,non-hispanic
data/AMD/Test/data_09845.npz,AMD,1,73.78,female,asian,non-hispanic
data/AMD/Test/data_09855.npz,AMD,0,89.97,female,white,non-hispanic
data/AMD/Test/data_09872.npz,AMD,0,51.43,female,black,non-hispanic
data/AMD/Test/data_09881.npz,AMD,1,83.5,male,white,non-hispanic
data/AMD/Test/data_09887.npz,AMD,0,73.49,male,asian,non-hispanic
data/AMD/Test/data_09929.npz,AMD,0,58.94,female,asian,non-hispanic
data/AMD/Test/data_09946.npz,AMD,1,89.04,male,white,non-hispanic
data/AMD/Test/data_09950.npz,AMD,1,91.55,female,white,non-hispanic
data/AMD/Test/data_09979.npz,AMD,1,81.95,male,white,non-hispanic
data/AMD/Test/data_09995.npz,AMD,1,78.07,male,white,non-hispanic
data/DR/Test/data_07011.npz,DR,0,70.81,male,black,non-hispanic
data/DR/Test/data_07024.npz,DR,1,58.29,female,white,hispanic
data/DR/Test/data_07039.npz,DR,1,45.59,female,white,non-hispanic
data/DR/Test/data_07040.npz,DR,0,29.87,male,white,non-hispanic
data/DR/Test/data_07051.npz,DR,0,62.25,female,asian,non-hispanic
data/DR/Test/data_07060.npz,DR,1,63.68,female,white,non-hispanic
data/DR/Test/data_07066.npz,DR,0,92.25,female,white,non-hispanic
data/DR/Test/data_07072.npz,DR,1,70.31,male,white,non-hispanic
data/DR/Test/data_07075.npz,DR,0,29.23,male,white,non-hispanic
data/DR/Test/data_07077.npz,DR,0,74.15,female,asian,non-hispanic
data/DR/Test/data_07082.npz,DR,0,63.48,male,white,non-hispanic
data/DR/Test/data_07085.npz,DR,0,81.89,female,white,non-hispanic
data/DR/Test/data_07095.npz,DR,0,76.22,male,white,non-hispanic
data/DR/Test/data_07121.npz,DR,0,101.92,female,white,non-hispanic
data/DR/Test/data_07126.npz,DR,0,69.77,male,white,non-hispanic
data/DR/Test/data_07145.npz,DR,1,64.85,male,asian,non-hispanic
data/DR/Test/data_07156.npz,DR,1,72.24,male,white,non-hispanic
data/DR/Test/data_07172.npz,DR,1,68.58,male,white,hispanic
data/DR/Test/data_07181.npz,DR,1,70.13,female,white,non-hispanic
data/DR/Test/data_07188.npz,DR,1,47.36,male,white,non-hispanic
data/DR/Test/data_07191.npz,DR,0,50.7,female,white,non-hispanic
data/DR/Test/data_07219.npz,DR,0,71.87,female,white,non-hispanic
data/DR/Test/data_07222.npz,DR,0,86.7,female,white,non-hispanic
data/DR/Test/data_07223.npz,DR,1,59.34,female,black,non-hispanic
data/DR/Test/data_07229.npz,DR,1,76.73,female,black,non-hispanic
data/DR/Test/data_07241.npz,DR,0,79.92,male,white,non-hispanic
data/DR/Test/data_07242.npz,DR,0,43.66,male,asian,non-hispanic
data/DR/Test/data_07260.npz,DR,0,75.29,male,white,non-hispanic
data/DR/Test/data_07262.npz,DR,1,73.32,male,white,non-hispanic
data/DR/Test/data_07268.npz,DR,1,68.42,male,black,non-hispanic
data/DR/Test/data_07283.npz,DR,1,27.01,male,white,non-hispanic
data/DR/Test/data_07299.npz,DR,1,59.2,male,white,non-hispanic
data/DR/Test/data_07309.npz,DR,0,46.8,female,white,non-hispanic
data/DR/Test/data_07313.npz,DR,0,79.26,female,black,non-hispanic
data/DR/Test/data_07314.npz,DR,1,54.93,male,white,non-hispanic
data/DR/Test/data_07322.npz,DR,0,32.27,female,white,non-hispanic
data/DR/Test/data_07330.npz,DR,0,78.41,male,white,non-hispanic
data/DR/Test/data_07335.npz,DR,0,76.34,male,white,non-hispanic
data/DR/Test/data_07343.npz,DR,0,89.46,female,white,non-hispanic
data/DR/Test/data_07353.npz,DR,1,56.7,male,black,non-hispanic
data/DR/Test/data_07369.npz,DR,1,44.17,female,white,non-hispanic
data/DR/Test/data_07377.npz,DR,0,55.73,female,white,non-hispanic
data/DR/Test/data_07380.npz,DR,1,68.84,male,white,non-hispanic
data/DR/Test/data_07393.npz,DR,1,56.99,male,asian,non-hispanic
data/DR/Test/data_07394.npz,DR,1,73.48,male,white,non-hispanic
data/DR/Test/data_07396.npz,DR,0,70.9,female,white,non-hispanic
data/DR/Test/data_07404.npz,DR,1,66.91,female,black,non-hispanic
data/DR/Test/data_07405.npz,DR,1,56.19,male,white,non-hispanic
data/DR/Test/data_07435.npz,DR,1,41.06,female,white,non-hispanic
data/DR/Test/data_07443.npz,DR,0,69.56,male,white,non-hispanic
data/DR/Test/data_07455.npz,DR,0,57.38,male,white,non-hispanic
data/DR/Test/data_07463.npz,DR,0,48.23,female,black,non-hispanic
data/DR/Test/data_07466.npz,DR,1,59.15,female,white,non-hispanic
data/DR/Test/data_07490.npz,DR,0,78.97,female,white,non-hispanic
data/DR/Test/data_07498.npz,DR,1,51.34,female,white,non-hispanic
data/DR/Test/data_07537.npz,DR,1,71.98,male,black,non-hispanic
data/DR/Test/data_07549.npz,DR,0,66.75,female,white,non-hispanic
data/DR/Test/data_07550.npz,DR,1,72.56,male,white,non-hispanic
data/DR/Test/data_07568.npz,DR,0,77.61,male,white,non-hispanic
data/DR/Test/data_07575.npz,DR,0,67.19,female,black,non-hispanic
data/DR/Test/data_07591.npz,DR,0,66.4,male,white,non-hispanic
data/DR/Test/data_07619.npz,DR,0,82.5,female,white,non-hispanic
data/DR/Test/data_07637.npz,DR,0,78.28,male,white,non-hispanic
data/DR/Test/data_07652.npz,DR,1,59.93,male,asian,non-hispanic
data/DR/Test/data_07669.npz,DR,1,85.29,female,white,non-hispanic
data/DR/Test/data_07678.npz,DR,1,62.62,female,white,non-hispanic
data/DR/Test/data_07679.npz,DR,0,67.72,male,white,non-hispanic
data/DR/Test/data_07688.npz,DR,0,44.01,female,asian,non-hispanic
data/DR/Test/data_07695.npz,DR,0,78.81,male,white,non-hispanic
data/DR/Test/data_07710.npz,DR,1,82.35,male,white,non-hispanic
data/DR/Test/data_07739.npz,DR,1,57.27,male,black,non-hispanic
data/DR/Test/data_07746.npz,DR,1,73.59,female,white,non-hispanic
data/DR/Test/data_07764.npz,DR,1,46.04,female,asian,non-hispanic
data/DR/Test/data_07767.npz,DR,1,61.75,male,white,non-hispanic
data/DR/Test/data_07768.npz,DR,0,69.29,male,white,non-hispanic
data/DR/Test/data_07801.npz,DR,0,60.06,female,white,non-hispanic
data/DR/Test/data_07802.npz,DR,0,67.06,male,white,non-hispanic
data/DR/Test/data_07803.npz,DR,0,79.1,female,white,non-hispanic
data/DR/Test/data_07823.npz,DR,0,64.42,male,asian,non-hispanic
data/DR/Test/data_07834.npz,DR,1,35.22,male,white,non-hispanic
data/DR/Test/data_07856.npz,DR,0,81.47,male,white,non-hispanic
data/DR/Test/data_07865.npz,DR,1,24.06,female,white,non-hispanic
data/DR/Test/data_07877.npz,DR,0,89.87,female,white,non-hispanic
data/DR/Test/data_07881.npz,DR,1,68.12,female,black,hispanic
data/DR/Test/data_07887.npz,DR,1,73.2,female,white,non-hispanic
data/DR/Test/data_07900.npz,DR,1,47.47,female,black,non-hispanic
data/DR/Test/data_07909.npz,DR,0,87.72,female,asian,non-hispanic
data/DR/Test/data_07921.npz,DR,0,84.13,male,white,non-hispanic
data/DR/Test/data_07937.npz,DR,1,42.59,male,white,non-hispanic
data/DR/Test/data_07950.npz,DR,0,71.92,female,asian,non-hispanic
data/DR/Test/data_07959.npz,DR,0,94.24,female,white,non-hispanic
data/DR/Test/data_07962.npz,DR,1,61.84,female,white,non-hispanic
data/DR/Test/data_07980.npz,DR,1,72.26,female,white,non-hispanic
data/DR/Test/data_07982.npz,DR,0,87.67,male,white,non-hispanic
data/DR/Test/data_07993.npz,DR,0,90.35,male,white,non-hispanic
data/DR/Test/data_07996.npz,DR,0,73.18,male,white,non-hispanic
data/DR/Test/data_08011.npz,DR,0,52.26,female,black,non-hispanic
data/DR/Test/data_08012.npz,DR,0,73.02,female,white,non-hispanic
data/DR/Test/data_08014.npz,DR,1,53.16,male,white,non-hispanic
data/DR/Test/data_08021.npz,DR,1,67.63,female,black,non-hispanic
data/DR/Test/data_08027.npz,DR,0,64.64,male,white,non-hispanic
data/DR/Test/data_08040.npz,DR,1,73.35,male,asian,non-hispanic
data/DR/Test/data_08043.npz,DR,1,76.08,male,white,non-hispanic
data/DR/Test/data_08060.npz,DR,0,69.72,female,white,non-hispanic
data/DR/Test/data_08101.npz,DR,0,49.16,female,asian,non-hispanic
data/DR/Test/data_08126.npz,DR,1,67.88,male,white,non-hispanic
data/DR/Test/data_08128.npz,DR,1,47.59,male,white,non-hispanic
data/DR/Test/data_08135.npz,DR,1,61.93,male,asian,non-hispanic
data/DR/Test/data_08143.npz,DR,0,84.89,female,white,non-hispanic
data/DR/Test/data_08146.npz,DR,0,68.03,male,white,non-hispanic
data/DR/Test/data_08162.npz,DR,1,67.25,female,black,non-hispanic
data/DR/Test/data_08163.npz,DR,0,72.98,female,white,non-hispanic
data/DR/Test/data_08194.npz,DR,0,82.26,female,white,non-hispanic
data/DR/Test/data_08198.npz,DR,0,67.55,female,white,non-hispanic
data/DR/Test/data_08199.npz,DR,0,76.41,male,white,non-hispanic
data/DR/Test/data_08222.npz,DR,0,54.65,female,white,non-hispanic
data/DR/Test/data_08227.npz,DR,1,82.09,male,white,non-hispanic
data/DR/Test/data_08256.npz,DR,1,62.75,male,white,non-hispanic
data/DR/Test/data_08272.npz,DR,1,72.82,male,white,non-hispanic
data/DR/Test/data_08319.npz,DR,1,71.03,female,white,non-hispanic
data/DR/Test/data_08321.npz,DR,1,77.04,male,white,non-hispanic
data/DR/Test/data_08388.npz,DR,1,66.94,male,black,non-hispanic
data/DR/Test/data_08390.npz,DR,0,67.35,female,black,non-hispanic
data/DR/Test/data_08391.npz,DR,1,70.41,female,white,non-hispanic
data/DR/Test/data_08392.npz,DR,1,63,female,white,non-hispanic
data/DR/Test/data_08413.npz,DR,1,72.66,female,black,non-hispanic
data/DR/Test/data_08417.npz,DR,1,70.59,male,white,non-hispanic
data/DR/Test/data_08425.npz,DR,0,54.42,female,white,non-hispanic
data/DR/Test/data_08447.npz,DR,1,27.22,female,white,non-hispanic
data/DR/Test/data_08448.npz,DR,1,61.21,male,black,non-hispanic
data/DR/Test/data_08457.npz,DR,1,75.69,male,white,non-hispanic
data/DR/Test/data_08468.npz,DR,0,30.45,male,white,non-hispanic
data/DR/Test/data_08477.npz,DR,0,64.96,female,white,non-hispanic
data/DR/Test/data_08503.npz,DR,0,78.5,male,white,non-hispanic
data/DR/Test/data_08511.npz,DR,0,77.68,female,white,non-hispanic
data/DR/Test/data_08540.npz,DR,0,51.3,male,white,non-hispanic
data/DR/Test/data_08542.npz,DR,1,81.42,male,white,non-hispanic
data/DR/Test/data_08586.npz,DR,0,84.54,male,white,non-hispanic
data/DR/Test/data_08612.npz,DR,1,59.33,male,white,non-hispanic
data/DR/Test/data_08617.npz,DR,0,62.09,male,black,non-hispanic
data/DR/Test/data_08626.npz,DR,1,73.51,male,white,non-hispanic
data/DR/Test/data_08643.npz,DR,1,61.7,female,black,non-hispanic
data/DR/Test/data_08661.npz,DR,1,54.62,female,white,non-hispanic
data/DR/Test/data_08672.npz,DR,1,73.26,female,white,non-hispanic
data/DR/Test/data_08682.npz,DR,1,63.29,male,white,non-hispanic
data/DR/Test/data_08692.npz,DR,0,64.81,male,white,non-hispanic
data/DR/Test/data_08693.npz,DR,0,68.15,female,white,hispanic
data/DR/Test/data_08699.npz,DR,0,81.66,female,white,non-hispanic
data/DR/Test/data_08728.npz,DR,1,63.81,female,white,non-hispanic
data/DR/Test/data_08738.npz,DR,0,51.7,female,black,non-hispanic
data/DR/Test/data_08791.npz,DR,0,79.21,female,white,non-hispanic
data/DR/Test/data_08792.npz,DR,0,17.98,male,white,hispanic
data/DR/Test/data_08824.npz,DR,1,57.6,male,white,non-hispanic
data/DR/Test/data_08828.npz,DR,1,79.23,male,white,non-hispanic
data/DR/Test/data_08832.npz,DR,1,74.6,male,white,non-hispanic
data/DR/Test/data_08867.npz,DR,0,69.62,male,white,non-hispanic
data/DR/Test/data_08885.npz,DR,0,73.59,male,white,non-hispanic
data/DR/Test/data_08907.npz,DR,0,85.08,female,asian,non-hispanic
data/DR/Test/data_08911.npz,DR,0,56.8,male,white,non-hispanic
data/DR/Test/data_08915.npz,DR,0,35.1,male,black,non-hispanic
data/DR/Test/data_08920.npz,DR,0,67.82,male,white,non-hispanic
data/DR/Test/data_08924.npz,DR,1,65.46,male,black,non-hispanic
data/DR/Test/data_08926.npz,DR,1,56.62,male,white,non-hispanic
data/DR/Test/data_08938.npz,DR,0,89.86,female,white,non-hispanic
data/DR/Test/data_08943.npz,DR,1,67.24,male,white,non-hispanic
data/DR/Test/data_08953.npz,DR,1,62.64,female,white,non-hispanic
data/DR/Test/data_08957.npz,DR,0,60.65,male,white,non-hispanic
data/DR/Test/data_08963.npz,DR,0,65.29,female,white,hispanic
data/DR/Test/data_08971.npz,DR,1,65.8,male,white,non-hispanic
data/DR/Test/data_08975.npz,DR,1,64.88,female,white,non-hispanic
data/DR/Test/data_09002.npz,DR,0,52.08,male,white,non-hispanic
data/DR/Test/data_09003.npz,DR,1,70.51,female,white,non-hispanic
data/DR/Test/data_09008.npz,DR,0,62.58,female,white,non-hispanic
data/DR/Test/data_09028.npz,DR,1,68.08,male,white,non-hispanic
data/DR/Test/data_09055.npz,DR,0,82.37,male,white,non-hispanic
data/DR/Test/data_09066.npz,DR,1,72.63,female,white,non-hispanic
data/DR/Test/data_09082.npz,DR,1,82.87,female,white,non-hispanic
data/DR/Test/data_09098.npz,DR,1,80.57,male,white,non-hispanic
data/DR/Test/data_09104.npz,DR,0,70.46,female,white,non-hispanic
data/DR/Test/data_09106.npz,DR,0,88.77,male,white,non-hispanic
data/DR/Test/data_09115.npz,DR,0,44.02,male,asian,non-hispanic
data/DR/Test/data_09127.npz,DR,1,67.5,female,white,non-hispanic
data/DR/Test/data_09154.npz,DR,1,64.16,male,white,non-hispanic
data/DR/Test/data_09159.npz,DR,1,73.78,female,white,non-hispanic
data/DR/Test/data_09162.npz,DR,1,54.34,female,white,non-hispanic
data/DR/Test/data_09168.npz,DR,1,44.68,male,white,non-hispanic
data/DR/Test/data_09178.npz,DR,1,56.55,male,white,non-hispanic
data/DR/Test/data_09184.npz,DR,0,83.77,female,white,non-hispanic
data/DR/Test/data_09186.npz,DR,1,50.07,male,asian,non-hispanic
data/DR/Test/data_09216.npz,DR,1,71.26,female,white,non-hispanic
data/DR/Test/data_09218.npz,DR,1,72.34,female,white,non-hispanic
data/DR/Test/data_09233.npz,DR,1,36.79,female,black,non-hispanic
data/DR/Test/data_09244.npz,DR,0,73.59,male,white,non-hispanic
data/DR/Test/data_09245.npz,DR,1,65.83,female,white,non-hispanic
data/DR/Test/data_09260.npz,DR,1,50.66,male,black,non-hispanic
data/DR/Test/data_09270.npz,DR,1,66.32,male,white,non-hispanic
data/DR/Test/data_09277.npz,DR,1,62.45,male,white,non-hispanic
data/DR/Test/data_09285.npz,DR,1,82.3,male,white,non-hispanic
data/DR/Test/data_09298.npz,DR,0,50.97,male,white,non-hispanic
data/DR/Test/data_09310.npz,DR,0,64.8,male,white,non-hispanic
data/DR/Test/data_09321.npz,DR,1,57.52,female,white,non-hispanic
data/DR/Test/data_09343.npz,DR,0,62.38,male,white,hispanic
data/DR/Test/data_09346.npz,DR,1,57.26,female,white,non-hispanic
data/DR/Test/data_09357.npz,DR,0,66.23,female,white,non-hispanic
data/DR/Test/data_09381.npz,DR,1,44.79,male,black,non-hispanic
data/DR/Test/data_09384.npz,DR,1,67.88,female,white,non-hispanic
data/DR/Test/data_09391.npz,DR,1,74.32,male,white,hispanic
data/DR/Test/data_09458.npz,DR,1,53.14,male,white,hispanic
data/DR/Test/data_09459.npz,DR,1,51.44,male,white,non-hispanic
data/DR/Test/data_09491.npz,DR,1,58.48,male,white,non-hispanic
data/DR/Test/data_09504.npz,DR,0,70.8,female,white,non-hispanic
data/DR/Test/data_09553.npz,DR,0,93.64,female,white,non-hispanic
data/DR/Test/data_09567.npz,DR,0,54.59,male,white,non-hispanic
data/DR/Test/data_09570.npz,DR,0,68.94,male,white,non-hispanic
data/DR/Test/data_09590.npz,DR,0,68.27,female,white,non-hispanic
data/DR/Test/data_09602.npz,DR,1,73.9,male,white,non-hispanic
data/DR/Test/data_09605.npz,DR,1,65.26,male,black,non-hispanic
data/DR/Test/data_09610.npz,DR,1,40.13,male,white,non-hispanic
data/DR/Test/data_09615.npz,DR,0,83.43,female,white,non-hispanic
data/DR/Test/data_09626.npz,DR,0,76.6,female,white,non-hispanic
data/DR/Test/data_09628.npz,DR,1,73.83,female,white,non-hispanic
data/DR/Test/data_09634.npz,DR,0,91.75,female,white,non-hispanic
data/DR/Test/data_09663.npz,DR,1,60.12,female,black,non-hispanic
data/DR/Test/data_09696.npz,DR,0,83.81,male,white,non-hispanic
data/DR/Test/data_09711.npz,DR,1,70.21,male,white,non-hispanic
data/DR/Test/data_09716.npz,DR,1,64.93,male,white,non-hispanic
data/DR/Test/data_09722.npz,DR,0,71.78,male,white,non-hispanic
data/DR/Test/data_09731.npz,DR,1,44.44,male,white,non-hispanic
data/DR/Test/data_09755.npz,DR,1,71.25,male,asian,non-hispanic
data/DR/Test/data_09790.npz,DR,0,61.23,male,white,non-hispanic
data/DR/Test/data_09797.npz,DR,1,64.32,male,black,non-hispanic
data/DR/Test/data_09812.npz,DR,0,61.94,female,black,non-hispanic
data/DR/Test/data_09814.npz,DR,0,61.1,male,white,non-hispanic
data/DR/Test/data_09824.npz,DR,1,43.62,male,white,non-hispanic
data/DR/Test/data_09848.npz,DR,0,66.09,female,white,hispanic
data/DR/Test/data_09870.npz,DR,1,77,female,white,non-hispanic
data/DR/Test/data_09873.npz,DR,0,64.42,female,white,non-hispanic
data/DR/Test/data_09874.npz,DR,0,77.75,female,asian,non-hispanic
data/DR/Test/data_09878.npz,DR,0,64.01,female,white,non-hispanic
data/DR/Test/data_09882.npz,DR,0,71.2,female,white,non-hispanic
data/DR/Test/data_09887.npz,DR,0,73.59,male,asian,non-hispanic
data/DR/Test/data_09894.npz,DR,0,36.26,male,white,non-hispanic
data/DR/Test/data_09895.npz,DR,0,62.66,male,white,non-hispanic
data/DR/Test/data_09919.npz,DR,1,71.25,female,white,non-hispanic
data/DR/Test/data_09923.npz,DR,1,64.95,female,white,non-hispanic
data/DR/Test/data_09924.npz,DR,1,72.24,female,black,non-hispanic
data/DR/Test/data_09933.npz,DR,0,68.28,female,white,non-hispanic
data/DR/Test/data_09973.npz,DR,0,91.64,male,white,non-hispanic
data/DR/Test/data_09991.npz,DR,0,54.53,male,white,non-hispanic
data/DR/Test/data_09999.npz,DR,0,80.44,female,white,non-hispanic
