Filename,Ground_Truth,Pred_GL,Confidence,Reasoning,,Is_Correct
data_drishti/Normal/drishtiGS_057.png,0,0,low,"The optic disc is partially obscured by blur and uneven illumination, limiting assessment. Visible rim tissue appears generally preserved without clear focal notching, marked thinning, vessel bayoneting, or disc hemorrhage. No definitive glaucomatous structural abnormality is evident, but the single low-quality photograph cannot reliably exclude glaucoma.",,1
data_drishti/Normal/drishtiGS_072.png,0,0,moderate,"The optic disc is visible with a moderate central cup but preserved neuroretinal rim, without clear focal thinning, notching, vessel bayonetting, or disc hemorrhage. Image quality is somewhat dim but adequate for assessment. No definite glaucomatous structural abnormality is apparent in this single photograph.",,1
data_drishti/Normal/drishtiGS_078.png,0,1,low,"The optic disc shows suspicious vertical cupping with apparent thinning of the inferior neuroretinal rim and vessel displacement. No definite disc hemorrhage is visible. Assessment is limited by uneven illumination, central glare, and image quality, so the findings are suggestive rather than definitive.",,0
data_drishti/Normal/drishtiGS_085.png,0,0,low,"The optic disc is visible but the photograph has uneven illumination and limited focus, reducing assessment reliability. There is some apparent cupping, but no definite focal rim notching/thinning, vessel changes, or disc hemorrhage can be established from this image alone.",,1
data_drishti/Normal/drishtiGS_089.png,0,0,low,"Single fundus photograph is limited by uneven illumination and glare, but the optic disc does not show definite marked cupping, focal rim notching/thinning, vessel bayoneting, or disc hemorrhage. No convincing glaucomatous structural abnormality is visible, though image quality limits certainty.",,1
data_drishti/Normal/drishtiGS_090.png,0,0,moderate,"The optic disc is reasonably visible but the image has limited focus and contrast. There is some central cupping, but no definite focal rim notching, marked neuroretinal rim thinning, glaucomatous vessel displacement, or disc hemorrhage is apparent. The photograph alone does not show convincing structural evidence of glaucoma.",,1
data_drishti/Normal/drishtiGS_091.png,0,0,moderate,"The optic disc is visible with no definite focal rim thinning, notching, glaucomatous vessel changes, or disc hemorrhage. Cupping appears physiologic on this single image, although assessment is limited by uneven illumination, glare, and relatively low contrast.",,1
data_drishti/Normal/drishtiGS_092.png,0,1,moderate,"The optic disc shows a relatively large, vertically elongated cup with apparent neuroretinal rim thinning, particularly inferiorly/superiorly, raising concern for glaucomatous cupping. No definite disc hemorrhage or clear vessel-nicking changes are visible. Image illumination and focus are limited, so the finding is suggestive rather than definitive.",,0
data_drishti/Normal/drishtiGS_093.png,0,1,moderate,"The optic disc shows a relatively large, vertically elongated cup with apparent neuroretinal rim thinning, particularly superiorly/inferiorly, and vessel contouring around the excavation. No definite disc hemorrhage is visible. The photograph is dark with uneven illumination and indistinct disc margins, limiting certainty.",,0
data_drishti/Normal/drishtiGS_094.png,0,0,low,"Single color fundus photograph of moderate quality shows a visible optic disc with some central cupping, but no definite rim thinning or focal notching, glaucomatous vessel displacement, or disc hemorrhage. The image alone does not provide convincing structural evidence of glaucoma, and confirmation would require clinical examination and/or complementary testing.",,1
data_drishti/Normal/drishtiGS_095.png,0,0,moderate,"The optic disc is visible with a moderate cup but generally preserved neuroretinal rim, without clear focal notching, vessel bayoneting, or disc hemorrhage. Image illumination is uneven and somewhat limited, so subtle glaucomatous change cannot be excluded from this photograph alone.",,1
data_drishti/Normal/drishtiGS_096.png,0,1,low,"The photograph is markedly underexposed and hazy, limiting assessment. The optic disc appears to have a relatively enlarged, vertically oriented cup with possible inferior rim thinning, which is suspicious for glaucomatous change. No definite disc hemorrhage or clear vessel changes are visible, so the finding is uncertain and would require better-quality imaging and clinical correlation.",,0
data_drishti/Normal/drishtiGS_097.png,0,1,moderate,"The optic disc shows prominent central excavation with apparent neuroretinal rim thinning and vessel displacement around the cup. No definite disc hemorrhage is visible. Image quality is limited by strong illumination/glare and uneven pigmentation, so structural assessment is somewhat uncertain.",,0
data_drishti/Normal/drishtiGS_098.png,0,0,low,"The single color fundus photograph is dark and somewhat blurred, limiting optic-disc assessment. The visible disc does not show definite marked cupping, focal rim notching, or a disc hemorrhage; vessel appearance is not clearly glaucomatous. Glaucoma cannot be excluded because image quality and disc visualization are limited.",,1
data_drishti/Normal/drishtiGS_099.png,0,0,moderate,"The optic disc is visible but the photograph is dark and somewhat limited in quality. There is some central cupping, but no definite focal rim notching, marked rim thinning, vessel displacement, or disc hemorrhage is evident. The image does not show convincing glaucomatous structural damage.",,1
data_drishti/Normal/drishtiGS_100.png,0,1,moderate,"The optic disc shows a relatively enlarged, vertically oriented cup with apparent focal rim thinning, particularly inferiorly. No definite disc hemorrhage is visible. The image is somewhat dim and soft, and only one photograph is available, limiting certainty.",,0
data_drishti/Normal/drishtiGS_101.png,0,0,moderate,"The optic disc is visible with generally preserved neuroretinal rim and no definite focal notching, marked cupping, vessel displacement, or disc hemorrhage. Image illumination and contrast are uneven, limiting certainty, but there is no convincing glaucomatous structural abnormality in this photograph.",,1
data_drishti/Glaucoma/drishtiGS_051.png,1,0,low,"The single fundus photograph is limited by blur, uneven illumination, and an orange color cast. The optic disc shows some central cupping, but no definite focal rim thinning/notching, glaucomatous vessel change, or disc hemorrhage is visible. Structural evidence is insufficient to diagnose glaucoma from this image alone.",,0
data_drishti/Glaucoma/drishtiGS_052.png,1,1,low,"The photograph is dim and somewhat low quality, limiting assessment. The optic disc appears to have a relatively large cup with possible inferior and superior rim thinning, which is suspicious for glaucomatous change. No definite disc hemorrhage or clear vessel changes are visible, so the finding is uncertain from this single image.",,1
data_drishti/Glaucoma/drishtiGS_053.png,1,1,moderate,"The optic disc shows a relatively deep, vertically oriented excavation with apparent rim thinning, particularly inferiorly, and vessels traversing the cup. No definite disc hemorrhage is visible. Image illumination and contrast are suboptimal, limiting certainty; no corroborating OCT or visual-field data are available.",,1
data_drishti/Glaucoma/drishtiGS_054.png,1,1,moderate,"The optic disc shows relatively prominent cupping with apparent focal rim thinning, particularly along the inferior/temporal margin. No clear disc hemorrhage or definitive vessel bayoneting is visible. Image quality is adequate but limited by uneven illumination and mild blur, so physiologic cupping cannot be excluded.",,1
data_drishti/Glaucoma/drishtiGS_055.png,1,1,low,"The optic disc appears to have relatively prominent central cupping with possible rim thinning, but the photograph is substantially blurred and unevenly illuminated, limiting reliable assessment. No definite disc hemorrhage or clear glaucomatous vessel change is visible.",,1
data_drishti/Glaucoma/drishtiGS_056.png,1,0,low,"The single fundus photograph is limited by uneven illumination and low contrast. The optic disc is visible with some central cupping, but there is no convincing focal rim notching, marked rim thinning, vessel bayoneting, or disc hemorrhage. Glaucomatous damage cannot be confirmed from this image alone.",,0
data_drishti/Glaucoma/drishtiGS_058.png,1,1,moderate,"The optic disc shows prominent vertical excavation with apparent neuroretinal rim thinning, particularly inferiorly, supporting glaucomatous cupping. No definite disc hemorrhage or clear vessel changes are visible. Image illumination and focus are limited, so assessment is uncertain.",,1
data_drishti/Glaucoma/drishtiGS_059.png,1,1,low,"The single fundus photograph is low quality with haze and uneven illumination, limiting assessment. The optic disc shows a relatively large excavation with apparent rim thinning, particularly inferiorly, but there is no clearly visible disc hemorrhage or definitive vessel change. The appearance is suspicious for glaucomatous cupping but is insufficiently specific without additional imaging or clinical data.",,1
data_drishti/Glaucoma/drishtiGS_060.png,1,1,moderate,"The optic disc shows a relatively large, vertically oriented excavation with apparent neuroretinal rim thinning, particularly inferiorly, which is suspicious for glaucomatous cupping. No definite disc hemorrhage or vessel displacement is visible. Image glare and low contrast limit reliable assessment, so confirmation would require clinical examination and structural/functional testing.",,1
data_drishti/Glaucoma/drishtiGS_061.png,1,1,moderate,"The optic disc shows a relatively large, vertically oriented cup with apparent neuroretinal rim thinning, particularly superiorly and inferiorly. No definite disc hemorrhage is visible. The photograph has uneven illumination and mild blur, so physiologic cupping cannot be excluded from this single image.",,1
data_drishti/Glaucoma/drishtiGS_062.png,1,1,moderate,"The optic disc shows marked excavation with a relatively thin neuroretinal rim and apparent superior/inferior rim attenuation, supporting glaucomatous optic neuropathy. No definite disc hemorrhage or clear vessel-nasalization is visible. Image focus and illumination are limited, so structural assessment is uncertain and requires clinical correlation.",,1
data_drishti/Glaucoma/drishtiGS_063.png,1,1,low,"The optic disc shows a prominent central excavation with apparent rim thinning, raising concern for glaucomatous cupping. No clear disc hemorrhage or definite vessel changes are visible. Image quality is limited by uneven illumination and overexposure, so the finding is uncertain and requires clinical correlation.",,1
data_drishti/Glaucoma/drishtiGS_064.png,1,0,moderate,"The optic disc is adequately visible, with no definite focal rim thinning or notching, vessel-bayoneting changes, or disc hemorrhage. The apparent central cup is not clearly glaucomatous, although the photograph is somewhat dark and limited for precise structural assessment.",,0
data_drishti/Glaucoma/drishtiGS_065.png,1,0,low,"Single color photograph with limited illumination and contrast. The optic disc is visible, but there is no definite focal rim notch, marked glaucomatous cupping, vessel displacement, or disc hemorrhage; assessment is limited by image quality and absence of corroborating modalities.",,0
data_drishti/Glaucoma/drishtiGS_066.png,1,0,low,"The optic disc is partially obscured by glare and uneven illumination, limiting assessment. Within the visible area, there is no definite focal rim notch, marked rim thinning, vessel bayonetting, or disc hemorrhage; apparent cupping is not convincingly glaucomatous. Image quality prevents confident exclusion.",,0
data_drishti/Glaucoma/drishtiGS_067.png,1,1,moderate,"The optic disc shows a relatively large, vertically oriented excavation with apparent rim thinning, particularly inferiorly, and vessels coursing near the cup edge. No definite disc hemorrhage is visible. Image illumination and contrast are limited, so the assessment is suspicious rather than definitive.",,1
data_drishti/Glaucoma/drishtiGS_068.png,1,1,moderate,"The optic disc shows prominent cupping with a relatively thin neuroretinal rim, concerning for glaucomatous optic neuropathy. No definite disc hemorrhage or clear vessel-bending changes are visible. The single photograph is underexposed and lacks corroborating modalities, limiting certainty.",,1
data_drishti/Glaucoma/drishtiGS_069.png,1,0,low,"Single color fundus photograph with moderate quality and uneven illumination. The optic disc appears somewhat cupped, but there is no definite focal rim notching/thinning, glaucomatous vessel displacement, or disc hemorrhage visible. Glaucoma cannot be confirmed from this image alone.",,0
data_drishti/Glaucoma/drishtiGS_070.png,1,1,moderate,"The optic disc shows prominent excavation with apparent rim thinning, particularly inferiorly, and vessel displacement around the cup. No definite disc hemorrhage is visible. Image quality is adequate but limited by uneven illumination and glare, and no complementary imaging or functional data are available.",,1
data_drishti/Glaucoma/drishtiGS_071.png,1,1,moderate,"The optic disc shows pronounced excavation with apparent vertical cupping and thinning of the neuroretinal rim, particularly inferiorly/superiorly, supporting glaucomatous optic neuropathy. No definite disc hemorrhage is visible. The single image has uneven illumination and limited clarity, so confidence is moderate.",,1
data_drishti/Glaucoma/drishtiGS_073.png,1,1,low,"The optic disc appears substantially cupped with relatively reduced neuroretinal rim, raising suspicion for glaucomatous optic neuropathy. No definite disc hemorrhage or focal vessel change is visible. Image illumination and focus are limited, so the finding is uncertain and requires clinical correlation.",,1
data_drishti/Glaucoma/drishtiGS_074.png,1,1,low,"The optic disc appears moderately to markedly cupped with possible rim thinning, particularly inferiorly. No definite disc hemorrhage or clear vessel-bending changes are visible. Image quality is limited by haze, uneven illumination, and reduced contrast, so glaucomatous damage cannot be confirmed from this photograph alone.",,1
data_drishti/Glaucoma/drishtiGS_075.png,1,0,low,"Single color fundus photograph is somewhat blurred and centrally overexposed, limiting disc assessment. The optic disc shows no definite focal rim thinning, notching, glaucomatous vessel changes, or disc hemorrhage; visible cupping appears non-diagnostic. No other modality is available for confirmation.",,0
data_drishti/Glaucoma/drishtiGS_076.png,1,0,low,"The optic disc is visible but the photograph is dark and low contrast, limiting assessment. There is moderate-appearing cupping, but no definite focal rim notching, vessel displacement, or disc hemorrhage is clearly visible. The image alone does not provide sufficient evidence of glaucomatous optic neuropathy.",,0
data_drishti/Glaucoma/drishtiGS_077.png,1,1,moderate,"The optic disc shows a relatively large excavation with apparent rim thinning, raising concern for glaucomatous cupping. No definite disc hemorrhage or characteristic vessel changes are visible. Image focus and contrast are limited, and a single photograph cannot distinguish glaucomatous from physiologic cupping with certainty.",,1
data_drishti/Glaucoma/drishtiGS_079.png,1,0,moderate,"The optic disc is visible with a relatively preserved neuroretinal rim and no clear focal notching, marked cupping, vessel displacement, or disc hemorrhage. Image quality is adequate but limited by bright illumination and some haze, so subtle glaucomatous changes cannot be excluded from this photograph alone.",,0
data_drishti/Glaucoma/drishtiGS_080.png,1,0,low,"The color photograph is dark and somewhat limited in clarity, but shows no definite focal rim notching, marked neuroretinal rim thinning, vessel bayoneting, or disc hemorrhage. The apparent cupping is not clearly glaucomatous from this single image, so glaucoma is not detected, with low confidence.",,0
data_drishti/Glaucoma/drishtiGS_081.png,1,1,moderate,"The optic disc shows prominent vertical cupping with apparent neuroretinal rim thinning, particularly inferiorly, and vessel displacement around the cup. Image quality is limited by uneven illumination and reduced contrast, and no hemorrhage is clearly visible, so the structural assessment is suggestive rather than definitive.",,1
data_drishti/Glaucoma/drishtiGS_082.png,1,1,moderate,"The optic disc appears prominently cupped with vertically elongated excavation and apparent thinning of the neuroretinal rim, particularly inferiorly. No definite disc hemorrhage is visible. Image quality is limited by dark, uneven illumination and blur, so the structural assessment is uncertain.",,1
data_drishti/Glaucoma/drishtiGS_083.png,1,0,low,"The optic disc is partially overexposed and image quality is limited, but there is no clear focal rim thinning or notching, glaucomatous vessel displacement, or disc hemorrhage visible. Cupping does not appear definitively glaucomatous; assessment is limited by illumination and focus.",,0
data_drishti/Glaucoma/drishtiGS_084.png,1,1,low,"The optic disc shows suspicious excavation with apparent neuroretinal rim thinning, particularly inferotemporally. No definite disc hemorrhage or major vessel changes are visible. Assessment is limited by the single, somewhat overexposed fundus image and absence of stereo/OCT or functional data.",,1
data_drishti/Glaucoma/drishtiGS_086.png,1,1,moderate,"The optic disc shows a relatively large, vertically oriented cup with apparent inferior rim thinning/notching and vessel displacement, suspicious for glaucomatous optic neuropathy. No definite disc hemorrhage is visible. Image quality is adequate but uneven illumination and limited stereoscopic information reduce certainty.",,1
data_drishti/Glaucoma/drishtiGS_087.png,1,1,low,"The optic disc shows a relatively large, bright central excavation with apparent neuroretinal rim thinning, raising suspicion for glaucomatous cupping. No definite disc hemorrhage or characteristic vessel changes are visible. The photograph is poorly illuminated and partially overexposed/blurred, limiting reliable assessment.",,1
data_drishti/Glaucoma/drishtiGS_088.png,1,0,low,"The fundus photograph is dim, blurred, and unevenly illuminated, limiting assessment of the optic-disc margins and neuroretinal rim. No definite focal rim thinning, notching, vessel changes, or disc hemorrhage is visible; apparent cupping is not sufficiently clear to support glaucoma.",,0
